Funtasticks Family Fun Park,221 E Wetmore Rd Tucson AZ 85705,1,1
Defy Tucson,4861 N Stone Ave Tucson AZ 85704,1,1
Trail Dust Town,6541 E Tanque Verde Rd Tucson AZ 85715,1,1
Get Air Trampoline Park,330 S Toole Ave Tucson AZ 85701,1,1
Carousel,201 S Kinney Rd Tucson AZ 85735,1,1
Hummingbird Aviary,2021 N Kinney Rd Tucson AZ 85743,1,2
Reid Park Zoo,3400 E Zoo Ct Tucson AZ 85716,1,2
Tucson Petting Zoo,2405 W Wetmore Rd Tucson AZ 85705,1,2
Mountain Woodland,Tucson AZ 85743,1,2
Grizzly Crossing,3400 E Zoo Ct Tucson AZ 85716,1,2
McCormick Park,2950 N Columbus Blvd Tucson AZ 85712,1,3
La Madera Park,2700 E La Madera Dr Tucson AZ 85716,1,3
Limberlost Family Park,4255 N 4th Ave Tucson AZ 85705,1,3
Conner Park,2200 E Glenn St Tucson AZ 85719,1,3
Mitchell Park,1100 E Mitchell St Tucson AZ 85719,1,3
DeGrazia Gallery in the Sun,6300 N Swan Rd Tucson AZ 85718,1,4
Sanders Galleries,6420 N Campbell Ave Tucson AZ 85718,1,4
Paloma Art Gallery,4747 E Sunrise Dr Tucson AZ 85718,1,4
Madaras Gallery,3035 N Swan Rd Tucson AZ 85712,1,4
Southern Arizona Arts Guild,2905 E Skyline Dr Tucson AZ 85718,1,4
International Wildlife Museum,4800 West Gates Pass Boulevard Tucson AZ 85745,1,5
Arizona-Sonora Desert Museum,2021 N Kinney Rd Tucson AZ 85743,1,5
Tucson Museum Of Art ,140 N Main Ave Tucson AZ 85701,1,5
Museum of Contemporary Art Tucson,265 S Church Ave Tucson AZ 85701,1,5
Arizona State Museum,1013 E University Blvd Tucson AZ 85721,1,5
The Grill at Hacienda Del Sol,5501 N Hacienda Del Sol Rd Tucson AZ 85718,2,1
Terraza Garden Patio & Lounge,5501 N Hacienda Del Sol Rd Tucson AZ 85718,2,1
Firebirds Wood Fired Grill,2985 E Skyline Dr Tucson AZ 85718,2,1
Azul Restaurant and Lounge,Resort & Spa The Westin 3800 E Sunrise Dr Tucson AZ 85718,2,1
Fini's Landing,5689 N Swan Rd Tucson AZ 85718,2,1
Blanco Tacos + Tequila,2905 E Skyline Dr Tucson AZ 85718,2,2
El Cisne Restarant,4717 E Sunrise Dr Tucson AZ 85718,2,2
Contigo Latin Kitchen,3770 E Sunrise Dr Tucson AZ 85718,2,2
Taqueria El Cheke,4837 N 1st Ave Tucson AZ 85718,2,2
The Grill at Hacienda Del Sol,5501 N Hacienda Del Sol Rd Tucson AZ 85718,2,2
KOGI Korean BBQ,4951 E Grant Rd #115 Tucson AZ 85712,2,3
Korea House Restaurant,4030 E Speedway Blvd Tucson AZ 85712,2,3
Taegukgi Korean BBQ,6118 E Speedway Blvd Tucson AZ 85712,2,3
Kimchi Time,2900 E Broadway Blvd Tucson AZ 85716,2,3
Takamatsu,5532 E Speedway Blvd Tucson AZ 85712,2,3
Cashew Cow,16 S Eastbourne Ave Tucson AZ 85716,2,4
The Screamery,2545 E Speedway Blvd #145 Tucson AZ 85716,2,4
Desert Dream Ice Cream,210 N 4th Ave Tucson AZ 85705,2,4
Insomnia Cookies,345 E Congress St #145 Tucson AZ 85701,2,4
Chocolate Iguana On 4th,431 N 4th Ave Tucson AZ 85705,2,4
The Egg Connection,3114 E Fort Lowell Rd Tucson AZ 85716,2,5
Baja Cafe on Campbell,2970 N Campbell Ave Tucson AZ 85719,2,5
Bobo's Restaurant,2938 E Grant Rd Tucson AZ 85716,2,5
Prep & Pastry,2660 N Campbell Ave Tucson AZ 85719,2,5
Bruegger's Bagels,1064 N Campbell Ave Tucson AZ 85719,2,5
Safeway,4752 E Sunrise Dr Tucson AZ 85718,3,1
AJ's Fine Foods,2805 E Skyline Dr Tucson AZ 85718,3,1
Sprouts Farmers Market,4282 N 1st Ave Tucson AZ 85719,3,1
Albertsons,2854 N Campbell Ave Tucson AZ 85719,3,1
Trader Joe's,4209 N Campbell Ave Tucson AZ 85719,3,1
Creative Kind,2905 E Skyline Dr #182 Tucson AZ 85718,3,2
Everest Souvenirs,423 N 4th Ave Tucson AZ 85705,3,2
La Tiendita,311 N Court Ave Tucson AZ 85701,3,2
Tucson Eclectic Treasures,139 S Olsen Ave Tucson AZ 85719,3,2
Old Town Artisans,201 N Court Ave Tucson AZ 85701,3,2
Petco,585 E Wetmore Rd Tucson AZ 85705,3,3
PetSmart,7090 N Oracle Rd Tucson AZ 85704,3,3
Tropical Kingdom,1761 E Prince Rd Tucson AZ 85719,3,3
Animal Kingdom,4500 N Oracle Rd Tucson AZ 85705,3,3
Shark Reef ,"4145 W Ina Rd, Tucson, AZ 85741",3,3
Harbor Freight Tools,3970 W Ina Rd Tucson AZ 85741,3,4
Mark's Ace Hardware,3749 W Ina Rd Tucson AZ 85741,3,4
Continental Ranch Ace Hardware,8165 N Courtney Page Way Tucson AZ 85743,3,4
Kent's Tools,133 E Grant Rd Tucson AZ 85705,3,4
Ace Hardware,Menlo Plaza Shopping Center 1215 W St Marys Rd Tucson AZ 85745,3,4
Best Buy,575 E Wetmore Rd Tucson AZ 85705,3,5
Elliott Electronic Supply,1301 S Tyndall Ave Tucson AZ 85713,3,5
Natalee Dunkley Electronics Store,111 S 6th Ave Tucson AZ 85701,3,5
ReTech Store,1020 S Euclid Ave Tucson AZ 85719,3,5
Gamestop,405 E Wetmore Rd g113 Tucson AZ 85705,3,5
White Stallion Ranch,9251 W Twin Peaks Rd Tucson AZ 85743,4,0
Sewailo Golf Club ,5655 W Valencia Rd Tucson AZ 85757,4,0
Tucson Museum Of Art,140 N Main Ave Tucson AZ 85701,4,0
Ignite Sign Art Museum,331 S Olsen Ave Tucson AZ 85719,4,0
Arizona History Museum,949 E 2nd St Tucson AZ 85719,4,0